ID,Answer
0,中國
1,大量放射性元素衰變加熱
2,都市人居學會
3,2008年
4,中國
5,溫州人
6,索馬利亞
7,科德爾·赫爾
8,哈爾濱鐵路局
9,毛澤東
10,文化教育界高級人士
11,豐臣秀吉
12,蘋果公司
13,1962年世界盃
14,韓國
15,戈貝爾·居維葉男爵，簡稱喬治·居維葉
16,鎮壓福建范汝為之亂不力
17,蔬菜
18,「惠潮之民多與鄭氏相通」
19,羅馬人
20,南北大運河
21,1949年
22,董必武
23,張學良
24,加拿大之首
25,仔細觀察大自然
26,狗肉
27,葡萄牙
28,873人
29,權力分離
30,高斯光束傳播理論
31,航空母艦
32,高雄市
33,楊浦區
34,查理曼
35,蒙德極小期
36,給予印度人在中央及省級立法院有限的權力
37,馬祖道地
38,[CLS]
39,研究
40,西方商業模式
41,第7名
42,推古天皇
43,機器人系列
44,《煙臺條約》
45,烏蘇里江
46,中山美術館
47,瑞士
48,《日本邊海略圖》一書
49,三成
50,小金人
51,德國
52,580萬
53,岩石圈
54,前1500年
55,二十世紀八十年代
56,與漢人通婚
57,哈拉爾德看台重建
58,中俄羅斯高地
59,1961年10月
60,1275年
61,基督教
62,縣市
63,83.4%
64,本妙寺
65,裴存藩
66,「向北發展，向南防禦」
67,桓那部
68,[CLS]
69,庚子賠款
70,南極
71,土耳其
72,中華人民共和國政府
73,都市計畫
74,心臟病
75,1986年
76,[CLS]
77,徐達
78,公元245年初
79,回[UNK]部落
80,德國統一社會黨
81,英格蘭聯賽盃
82,中國移動通信
83,儒略二世
84,梅鐸
85,[CLS]
86,耶穌會妨礙他們的殖民主義行為
87,班傑明·富蘭克林
88,大克羅埃西亞主義
89,北高加索
90,芝加哥公牛
91,成都
92,漢斯·艾斯勒
93,巴克萊中心
94,中國四大古橋之一
95,超文字
96,公路網絡
97,2位
98,馬提阿利
99,伊斯蘭教
100,窩闊台汗國
101,多市政府自行興建
102,「上海學府中央區」
103,大氣圈
104,軍事重地一一解禁
105,布拉格之春
106,中華民國大總統袁世凱
107,少女模特兒
108,[CLS]
109,1827年
110,阿里烏教派
111,保護勞動者的合法權益
112,1988年
113,細菌會開始生長，增加食物中毒的可能性
114,八掌溪
115,資訊網
116,1970年
117,恐怖主義
118,歐美日列強
119,國防部
120,奧古斯都
121,草書
122,商品的生產地
123,探馬赤軍
124,新憲法
125,1956年
126,[CLS]
127,米盧斯
128,四年
129,北魏風格
130,公元前216年
131,左心房
132,柏拉圖
133,石器時代
134,紅矮星
135,哈馬尼·迪奧里
136,蔣中正嫡系部隊
137,第四次十字軍東征
138,約瑟夫·朴
139,粳稻
140,1911年
141,國際聯盟
142,敦煌郡
143,1878年5月15日
144,1934年
145,同意權
146,四川省
147,煉鋁業
148,1917年
149,中世紀
150,錢德拉·鮑斯
151,20世紀
152,副熱帶濕潤氣候
153,全真派
154,烏拉圭隊
155,聖索非亞大教堂
156,印度
157,中華人民共和國
158,沙俄
159,亞美尼亞
160,1964年民權法案
161,綫車
162,1976年
163,太祖王
164,1945年
165,威廉·赫歇爾
166,東吳大學
167,《國際動物命名規約
168,昭和天皇
169,共產黨情報局
170,港幣6元
171,美國綠卡
172,212萬人
173,景德鎮
174,鋼鐵工業
175,三陽工業
176,苦修隱居
177,多倫多
178,崇禎季年
179,天主教
180,九州旅客鐵道
181,可也余志
182,俄羅斯聯邦
183,伊斯蘭
184,1941年12月7日
185,845年
186,摩梭人
187,羅斯托夫州
188,2003年
189,孫文
190,穆斯林
191,淮河流域
192,1918年
193,1975年
194,2017年
195,一座廟宇為村民之信仰中心，神明管轄村莊的範圍
196,1921年
197,聖瑪利亞教堂
198,勸誡性長詩
199,尼西亞帝國
200,基因轉殖生物
201,亞熱帶季風性濕潤氣候
202,《標準詞典》
203,1948年
204,高麗國
205,新聞法
206,1862年
207,400萬
208,二十五歲
209,1388年
210,張俊
211,《大目犍連變文》
212,詹姆斯·霍本
213,晉中市
214,嶺北行省
215,白[UNK]紀中期
216,戰爭廳
217,「日產復興計畫」
218,心肌梗塞
219,1985年
220,臺灣
221,水墨畫
222,1999年
223,補庫當天下午
224,埃及
225,大月氏國
226,長久以來以聯合國為代表的國際社會
227,1701年
228,22900人
229,13世紀
230,大話西遊[UNK]
231,儒洪多湖
232,中南海
233,公安邊防部隊
234,[CLS]
235,岡本大八事件
236,宋文帝元嘉年
237,與太祖相悖的
238,李登輝
239,走資本主義道路
240,泉州府
241,兩個
242,安豐塘壩
243,托爾金的兒子克里斯托夫
244,攻城臼炮
245,尼波斯
246,5800日元
247,約瑟夫·朴
248,188萬公里
249,十字軍
250,伊斯蘭黃金時代
251,西方式握拍
252,2005年
253,絕大多數是借了共產政府的小船以捕魚
254,農藥
255,瑪西婭·麥克納特
256,〈妮歌〉
257,1748年
258,1650年
259,查理斯二世
260,利用互補的資源優勢帶動黑龍江流域地區經濟的發展
261,降雨的不均衡
262,總質量
263,10部
264,單車
265,英國
266,梅雨時期
267,重慶
268,四分之三左右
269,歐洲理事會議會大會
270,巴達維亞
271,特被認為是將實驗引入心理學研究的人
272,磚石
273,鋪墊性問題
274,1100公尺
275,漢明帝
276,烽火台
277,1917年
278,《1800聯合法案》
279,紐西蘭
280,香港之女
281,議會初期實行一院制
282,鮑德溫郡
283,美白聖品
284,德國使用無限制潛艇戰
285,六四事件
286,格拉希門克彗星
287,四川省
288,維基媒體
289,民國三十四年
290,雅克·考文
291,分區氣溫
292,許慎
293,6月1日
294,杜比劇院
295,清華學堂
296,奧斯卡金像獎
297,中華民國
298,宗教信仰
299,《蘇達爾摩》
300,劉少奇
301,宋設著作官
302,北方四島
303,力主抗戰
304,元大都
305,公元前1世紀
306,社群技術預覽版
307,5公里
308,窩闊台汗
309,球童
310,基督教教義
311,1936年
312,[CLS]
313,非營利博物館
314,負面情況
315,286年
316,塞德里克·吉班斯
317,加州
318,《愛情萬歲》
319,歐瑞斯特
320,海拔高度
321,東羅馬聖像藝術
322,1978年
323,1913年
324,東正教
325,公元前1世紀
326,1107萬平方公里
327,伊朗人質危機
328,[CLS]
329,葉榆縣
330,突厥人
331,朝鮮平壤南部大同江入海口
332,忠孝伯招討大將軍罪臣國姓
333,以通俗故事來說佛經
334,蘇聯或獨立國協
335,《世俗謬論》
336,日本
337,威廉·吉爾伯特
338,綠島
339,劉子業
340,匈牙利
341,[UNK]
342,1982年
343,拉卜楞鎮
344,中南海
345,小籠饅頭
346,南斯拉夫
347,13%
348,周達觀
349,法國
350,農業
351,《科學怪人》
352,明代
353,在實行突擊群戰術的步兵上配備了大量衝鋒鎗
354,十一個
355,德川幕府
356,攝氏溫標
357,佛教
358,香山縣
359,政客
360,至元二十六年
361,受賄
362,前基
363,1987年
364,黃河
365,槍枝
366,重力
367,中華人民共和國外交部
368,於大陳駐守的太平號驅逐艦遭解放軍魚雷快艇擊沉
369,[CLS]
370,新北市
371,1980年代
372,近衛
373,嘉靖七年
374,歌德
375,1985年
376,外國公使
377,雨季降水
378,《前進報》
379,[CLS]
380,19世紀
381,每年
382,沃爾特·蒙代爾
383,搶鐵集團
384,140年
385,國際動物命名規約
386,政府濫印鈔票
387,[CLS]
388,象徵主義
389,1251年
390,管理人員
391,1857年
392,穆斯林文化
393,1997年
394,27個
395,副主席
396,1949年1月
397,末次冰期
398,紅線
399,腓力四世
400,《日出》
401,[CLS]
402,一局比賽結束之後
403,2015年
404,魏黃初二年
405,東晉
406,忽必烈
407,引入刑事司法法案
408,清朝中期
409,杜魯門
410,前方後圓墳
411,山上王
412,41種
413,亞熱帶海洋性季風氣候
414,高特列本·尼普可夫
415,楊浦區
416,九龍東
417,山水詩
418,特勤局特工
419,黑潮洋流
420,中俄
421,倫敦大學
422,自由土黨
423,意志帝國
424,個人電腦主機板
425,牛牧寺
426,花式撞球
427,[CLS]
428,1.25億
429,波美拉尼亞省
430,燈塔
431,1834年3月6日
432,美國
433,永曆帝冊封他為延平王
434,瓦剌
435,漢朝
436,詹姆斯鮑曼林賽
437,烏拉圭
438,南漢宸
439,[CLS]
440,紐西蘭
441,布雷斯頓·布瑞格
442,文藝復興時期
443,民不聊生
444,瓜倫多卡德
445,國防部
446,暴虐
447,《2005年憲制改革法令》
448,企業爆發涉及高達16億美元的會計造假案件，主要為來自晶片及半導體部門的虛假營收
449,基督教
450,廣鐵
451,梅西
452,俄羅斯蘇維埃社會主義聯邦共和國
453,震國
454,醫學院
455,南斯拉夫反法西斯人民解放委員會
456,莫高窟
457,盧西塔尼亞號
458,理事會
459,杜魯門的葬禮
460,威力低
461,2014年世界盃
462,機器人
463,奴隸制度
464,琥珀摩擦實驗
465,女媧善於補天
466,1913年
467,東京證券交易所
468,漳州府府城
469,積極進攻戰術
470,德國
471,唐朝
472,毛利族
473,[CLS]
474,二二八事件
475,伊斯蘭化
476,2009年
477,黑龍江
478,《論食物》
479,彰化市公所並置市政會議
480,《科學美國人》雜誌
481,天真的
482,2395平方公里
483,巨大的表面積
484,江澤民
485,德國
486,第五
487,《太陽報》
488,監察機構
489,法國
490,總督
491,中國大陸
492,哈爾茨山脈
493,布政使
494,《聯邦法令廢止權條例》
495,許家班
496,75歲
497,乾隆年間
498,俄語
499,輕型小遊艇
500,長安
501,因為大量的廣府人聚居
502,性善論
503,倭寇
504,課外活動指導組
505,天武天皇時期
506,刺激劑
507,羅馬的財富
508,1945年
509,鮑德溫二世
510,蕭道成
511,重慶
512,南加大
513,早期
514,蘇聯
515,戰國策
516,倫敦時報
517,第二代
518,胚芽米
519,日治時期
520,1993年
521,雪海燕
522,西漢時期
523,西元476年
524,俄羅斯歐洲
525,民國十六年
526,12世紀後期
527,2012年
528,白水門事件
529,日佔時期
530,支鏈澱粉
531,宿豫城
532,[CLS]
533,維也納發生大雷雨
534,美國
535,[CLS]
536,《易經》
537,倫敦
538,內蒙古自治區
539,嘉定府
540,陳水扁
541,[CLS]
542,有爭議
543,岩溶山原地貌
544,過早引爆
545,大型整流罩
546,19世紀晚期
547,進口
548,巴燕縣
549,東羅馬皇帝
550,儒家
551,西班牙
552,18小時
553,26名
554,赫魯雪夫時期
555,突厥
556,1992年蘇聯解體後
557,半西方式握拍
558,[CLS]
559,李[UNK]
560,1972年
561,中國南方
562,詹姆斯諾克斯波爾克
563,核化學
564,蒙古國
565,宣傳鼓吹民族民主革命
566,商稅
567,每週功課
568,劉牢之
569,2007年
570,斯洛維尼亞
571,1980年代
572,[CLS]
573,莫斯科和平協定
574,24位
575,散布異端
576,常綠闊葉木本植物
577,喀什市
578,高容姬
579,500席
580,1966年
581,[CLS]
582,希臘
583,1260年
584,戰略地位
585,擊敗福田當選總裁組閣
586,北伐必敗論
587,1995年
588,曾德
589,中國人民解放軍海軍
590,大衛營和約
591,匈牙利王國
592,2004年
593,陳誠
594,1945年
595,[CLS]
596,[CLS]
597,2001年3月
598,漢諾瓦全能運動隊
599,62萬
600,1920年
601,點燃煙火
602,潮州體育館
603,解放軍
604,伯明罕
605,設計實驗
606,中蘇友好同盟條約
607,江戶幕府
608,希臘-保加利亞聯軍
609,350年
610,慶曆和議
611,保護荒野
612,政治哲學
613,熱帶草原氣候
614,古波斯語
615,恐龍
616,甘地
617,11世紀
618,1897年
619,截擊
620,人權狀況
621,1960年
622,14800日元
623,性別相同的人彼此締結為婚姻關係
624,新北市
625,孔祥熙公館
626,忽必烈
627,維也納
628,太平天國戰亂
629,為了服務偏遠地區，鼓勵搭乘大眾運輸工具
630,為阻隔東德人遷往西德
631,德國鐵路股份公司
632,五一勞動節
633,渤海國
634,俄羅斯帝國
635,影藝術與科學學院
636,列寧
637,戴維·里滕豪斯
638,島原鐵道
639,要塞
640,14世紀末
641,熱拉爾·普魯尼爾
642,愛爾蘭
643,南北朝時期
644,[CLS]
645,耶穌會
646,《大公報》
647,勞倫斯·薩默斯
648,清同治年間
649,卑南族
650,兩小時
651,安德烈·曼紐爾·德·里奧
652,企鵝
653,漢陽
654,動物園
655,濟南
656,遺傳物質技術
657,中央七彩噴水池
658,法國
659,1873年
660,宋代
661,「舊金山和約」
662,太平洋
663,拉丁文
664,5千年
665,亨利四世
666,在去世後
667,「武力統一
668,1950年
669,軟席候車室
670,加金絲織物
671,黃虎旗
672,1957年
673,商朝時期
674,抑鬱
675,鎮江都統司酒樓
676,美國電影藝術與科學學院
677,護西域副尉長駐敦煌
678,奉系軍閥
679,查爾斯·派爾
680,石灰石
681,四面環海
682,英國核燃料公司
683,宋神宗
684,董建華
685,羅馬天主教會
686,丁磊
687,1958年
688,成都平原
689,八百餘年
690,[CLS]
691,八卦台地
692,保定
693,彌爾
694,1291年
695,天道
696,民國9年
697,承久3年
698,1991年
699,岩石圈受到壓縮應力的結果而形成
700,晉廷因為冉閔稱帝而不理
701,烈士
702,阿姆利則慘案
703,鐵軌
704,1815年
705,《星際信使》
706,新城大樓
707,2
708,越南共和國軍
709,約翰長老
710,解決財政問題
711,發球上網
712,石弘
713,[CLS]
714,14個
715,倫敦-利物浦
716,反對同性婚姻的人
717,所有的納稅人
718,電離層
719,阿聯迪拉姆
720,潘基文
721,2015年
722,軌道要穩定
723,21196.18公里
724,大草原
725,不能
726,王羲之
727,中華隊
728,機車
729,「有組織叛亂行為」
730,赫魯雪夫
731,三七事件
732,大楷字體
733,西雙版納
734,客座教授
735,維基媒體
736,信義計畫區
737,宣傳
738,極光
739,古印度故事
740,真空極化
741,崇福寺
742,外交的騙局
743,[CLS]
744,布里斯托
745,國內的貴族政治與神職人員影響重大
746,忽必烈
747,考迪羅
748,「美麗島」
749,亞歷山大·布隆尼亞爾
750,飛鳥時代
751,城市軌道交通
752,亨利八世
753,中國市場
754,崔浩
755,婆羅米文
756,歐洲戰事
757,文藝復興
758,暴力革命傾向
759,中國和日本
760,1個
761,授權
762,小籠饅頭
763,普勞圖斯
764,西元337年
765,加入歐盟
766,[CLS]
767,散騎常侍
768,大祈殿
769,1980年代
770,忽必烈
771,賈漢沙
772,毛澤東
773,俄羅斯
774,羅馬
775,猶太教
776,42.00
777,9世紀
778,優秀西部片演員
779,50%
780,林登強森
781,第二次世界大戰
782,預熟米
783,聽骨鏈
784,[CLS]
785,洛杉磯加利福尼亞大學
786,莫須有
787,關東大地震
788,終身軟禁
789,磁場
790,母系社會
791,香港法例
792,十年
793,5月26日
794,兩岸分治
795,蘇聯時期
796,[CLS]
797,美國
798,聖烏爾蘇拉
799,哥本哈根
800,為了防止故意誤導球的走向
801,美國
802,明朝
803,金朝陽集團
804,50～75公斤
805,廈門大學
806,考迪羅主義
807,印第安公司
808,德意志帝國
809,45公里
810,韓國司法機構
811,《重慶日報》
812,西吉斯蒙德
813,楊璉真珈
814,茶道文化
815,軍功
816,亦思巴奚兵亂
817,1990年代中後期
818,法國
819,19世紀末期
820,湯·韋迪加
821,「八角大樓」
822,1990年
823,擁護簡單幸福
824,[CLS]
825,方便世界各地有投資意願人士申請香港居留權，以引進資金和人才
826,1989年
827,石炭紀晚期
828,所有的選項全未通過
829,世界銀行
830,托爾金
831,香港電影
832,朝鮮王朝時期
833,議會民主制
834,橢圓星系
835,約翰西尼切里布
836,1932年
837,1994年世界盃
838,恆星
839,西班牙帝國
840,葡萄牙語
841,1949年
842,曼尼托巴法案
843,金正哲
844,荷蘭人
845,約翰·洛吉·貝爾德
846,余天錫
847,漢軍
848,查士丁尼法典
849,尤里西斯·辛普森·格蘭特
850,古斯都
851,光球層
852,保護中東鐵路
853,安南計畫
854,紅河戰役
855,80億美元
856,泡沫經濟
857,1949年
858,納粹黨
859,無脊椎動物
860,拉多加湖
861,反清之役
862,知識炫耀嫌疑
863,1000米
864,5年
865,風雨漸歇，鄭成功的主副座船才得以回到岸邊與艦隊會合
866,恆星
867,仁出生前夕祖母夢見有人從雲中送子來，夢醒時他剛好出生
868,第149位
869,西哥德王國
870,公元197年
871,廣州-深圳西普速列車
872,[CLS]
873,庇護十一世
874,法顯
875,老羅斯福
876,靜電的基本定律
877,詹姆士·史都華
878,多人多發動機
879,佛山
880,8200年前
881,嘉禾二年
882,唐繼堯
883,新南威爾斯大學
884,戶籍制度
885,挪威國王哈康五世
886,富蘭克林·羅斯福
887,李成棟
888,[CLS]
889,1871年
890,一江山島
891,喬治·盧卡斯
892,準備組織150萬大軍以滅東晉
893,新自行車
894,世襲
895,中斷
896,積雲階段
897,卡倫河
898,物種的演化是通過自然選擇的方式實現的
899,九一八事變
900,制勝球
901,前線通訊
902,德國
903,圖西族
904,靖難
905,全國農村農夫
906,楊榮
907,2006年
908,二十二行省
909,劉義符
910,小型地方商圈
911,2001年
912,自殺預防
913,南國農
914,農業
915,漢水
916,金門
917,2000毫米
918,1155年
919,俄語
920,唐朝玄奘法師
921,不乾膠
922,參戰軍
923,副議長
924,山毛櫸林
925,沙爾孫巴提安
926,1917年
927,天安門廣場
928,恆星形成的世代交替中
929,三層
930,美國
931,40歲
932,100公里/小時
933,電子工業
934,泡子
935,保存聯邦
936,非營利組織
937,宗教信仰
938,段祺瑞
939,英斂之
940,低地球軌道
941,「滇」
942,十字軍
943,戚繼光
944,一千億個
945,國立中山大學
946,長城
947,鯉魚山
948,科孚島
949,修正與整合先前已得的知識
950,黃金餃
951,青少年時代
952,共和黨革命效應
953,四分之三
954,敵視反對
955,[CLS]
956,深圳
957,鍾義信
958,肝癌
959,英國
960,印歐語系
961,心房鈉尿肽
962,華碩
963,德國國內市場經濟無法發展
964,袁隆平
965,牛肉
966,1961年11月
967,高石碑鎮
968,1911年
969,《大般若經》
970,1926年9月正日
971,新加坡
972,怕他與燕王呵成一氣
973,赫沃斯托夫
974,英語
975,張伯苓
976,以避免壓縮機／渦輪解體時可能造成的傷亡或機體損壞
977,瑪格麗特
978,2005年
979,專城副都統
980,4610年
981,伊斯蘭教
982,混合了多種方言
983,全國人民代表大會
984,「蝦夷地」
985,多倫多
986,25個
987,1161
988,宗王劉義慶
989,東突厥
990,霰彈槍
991,重慶市
992,祕色瓷
993,2000億金馬克
994,九龍塘省善真堂
995,12世紀
996,明洪武元年
997,久彌宮妃
998,1992年
999,為解決「羅馬問題」
1000,以鞏固勢力
1001,中世紀時期
1002,2012年
1003,虎亞目
1004,[CLS]
1005,《阿[UNK]婆吠陀》
1006,耳廓
1007,資助倫巴第同盟
1008,漢人
1009,三國時期
1010,外圍賽
1011,對閩南地形較為熟識
1012,美軍基地
1013,1859年
1014,前田利家
1015,多元性
1016,中共政治犯
1017,桃花源記
1018,1937年
1019,夏威夷檀香山
1020,[CLS]
1021,水壩
1022,朝聖者
1023,1949年
1024,中國鐵通集團有限公司
1025,《論共產黨員的修養》
1026,航空母艦
1027,郡縣制
1028,衛所制度
1029,廟街
1030,佃客
1031,30比0
1032,[CLS]
1033,合理的稅制
1034,阿根廷
1035,通古斯盆地
1036,陳侃
1037,韌性
1038,群帶路所
1039,44年
1040,彰化市
1041,稻草
1042,668年春夏
1043,皇家法律
1044,颱風來襲
1045,斯泰提烏斯
1046,新舊軍事貴族
1047,庫力台大會推舉
1048,韓戰
1049,1284年
1050,第四
1051,引自八掌溪的蘭潭
1052,1941年9月
1053,基輔羅斯
1054,多倫多證券交易所
1055,凡爾賽條約的連鎖反應
1056,視杆細胞
1057,1985年
1058,四個
1059,1998年
1060,粳稻
1061,1954年
1062,三千個
1063,聯合國成員中的獨裁政體影響力越來越大
1064,5次
1065,中國移動
1066,1900年
1067,1990年代
1068,平原
1069,滿洲是清朝的發祥地
1070,唐娜·瑞德
1071,100億美元
1072,曹溪宗
1073,九龍寨城
1074,中國
1075,重慶
1076,慕容垂
1077,參宿四
1078,1976年
1079,精神污染
1080,1947年
1081,郭沫若
1082,張之洞
1083,儒略日數字位數太多
1084,為擺脫石油危機
1085,1314年
1086,中華人民共和國
1087,西德
1088,1989年
1089,突厥
1090,盤古大陸
1091,秋新論壇
1092,[CLS]
1093,70年代
1094,2007年5月
1095,譚詠麟
1096,政治題材
1097,拜占廷
1098,英國王政復辟
1099,1959年
1100,美國
1101,剛果民主共和國
1102,臺灣閩南語
1103,王世杰
1104,放在米缸中
1105,大小
1106,第二次世界大戰
1107,環境保護主義
1108,忽必烈
1109,神風特攻隊
1110,二尖瓣
1111,艾爾弗雷德•牛頓
1112,跨年活動
1113,非常注重傳統
1114,腦源性神經營養因子
1115,中國
1116,磁浮列車
1117,露點溫度
1118,心房鈉尿肽
1119,1972年
1120,開放式社會主義體制
1121,無人飛機
1122,匹茲堡市中心
1123,美國南方公司於美國達拉斯開設了27家圖騰商店
1124,1987年
1125,反共抗俄
1126,14世紀
1127,烏布利希
1128,丘處機
1129,1947年行憲
1130,[CLS]
1131,古典音樂
1132,堡並屠宰
1133,李伯曼
1134,明尼蘇達州
1135,綏靖政策
1136,印度
1137,河狸
1138,托土拉島
1139,路易九世
1140,分子複製
1141,斯隆管理學院
1142,羅爾德·阿蒙森
1143,地球空間
1144,1946年1月5日
1145,1611年
1146,豆科
1147,「喚醒了對由氣候變化所帶來的危險的意識」
1148,耳廓
1149,福樓拜
1150,維爾納•海森堡
1151,[UNK]-850型
1152,人口
1153,三天三夜
1154,為華僑報仇
1155,金正恩
1156,英國
1157,指導全國環境保護努力
1158,共識似乎已經達到了維基代碼需要上下文有關文法的程度
1159,[CLS]
1160,中世紀
1161,1041年
1162,沙溪
1163,西班牙
1164,岳飛
1165,所作所為
1166,清同治年間
1167,林森
1168,多倍體育種
1169,陳誠
1170,沃爾特·格羅佩斯
1171,求知慾
1172,1993年
1173,1939年
1174,愛丁頓光度
1175,遇到低溫就深灌水
1176,150名
1177,6.40米
1178,政府平等對待同志群體的決心
1179,宋元時期
1180,1982年
1181,權不外假
1182,河北省
1183,蘇門答臘島
1184,李達
1185,1960年代
1186,世界鋼都
1187,少女模特兒
1188,民國三十五年
1189,空中
1190,19世紀
1191,汾河
1192,九龍站
1193,二千人
1194,湯瑪士·傑克森
1195,豬灣入侵
1196,國際人道法
1197,英國
1198,[UNK][UNK]自動步槍系列
1199,蘇聯政府
1200,2億台
1201,米倉山西麓
1202,元祿年間
1203,高等法院
1204,美國國家環境保護局
1205,羊
1206,1992年
1207,羅伯甘迺迪
1208,美國
1209,1917年
1210,1975年
1211,前無畏艦
1212,劍橋大學
1213,《理想國》
1214,為防止房價上漲影響港人置業
1215,2006年
1216,馬基維利
1217,藥用植物
1218,濱海遊牧民族阿拉瓦克人
1219,民國5年
1220,獸醫學院
1221,美國總統科技顧問委員會
1222,感光細胞前毛細血管裏的白血球
1223,1950年代
1224,康熙七年
1225,班傑明·富蘭克林
1226,地熱能
1227,《教會史》
1228,導入人工智慧化的新世代[UNK]系統
1229,《聯邦法令廢止權條例》
1230,羅洛·梅
1231,三國
1232,患病
1233,元朝
1234,體積
1235,瓊·愛麗遜
1236,基督教
1237,2007年
1238,楊善德
1239,2003年
1240,熱帶草原氣候
1241,本質的邪惡
1242,《水滸傳》
1243,1238年
1244,1927年
1245,金正恩
1246,遠東紅點鮭
1247,[CLS]
1248,產量比原水稻多上一倍
1249,浪漫主義
1250,前三大
1251,臺灣原住民族
1252,下薩克森邦
1253,頻率測溫法
1254,1980年代
1255,復仇心作祟
1256,美國電影學會
1257,出售郵件系統軟體授權
1258,7人
1259,[CLS]
1260,狄奧多西二世
1261,俚人
1262,上的稻屬植物可能超過14萬種，而且科學家還在不停的研發新稻種
1263,亞美尼亞語
1264,電車線路
1265,特內哥羅
1266,可的飲料
1267,八卦台地地區
1268,俾斯麥
1269,第34次
1270,大夏大學
1271,奴兒干
1272,235朔望月
1273,班傑明·富蘭克林
1274,阿里烏教派
1275,1964年
1276,高雄市
1277,大腦
1278,42.5小時
1279,氫
1280,邱吉爾港
1281,亨利福特
1282,米酒稅率巨幅調漲
1283,扣留家屬為人質
1284,香港
1285,陳隆基
1286,烏拉圭世界盃
1287,尼日共和國
1288,1388年
1289,挾持其家人做為人質
1290,運載火箭
1291,朱棣是造反稱帝的，對大臣有所猜忌，故恢復了洪武年間廢除的錦衣衛
1292,德國
1293,趙鼎
1294,伍豪
1295,周恩來
1296,宗教詩歌
1297,[UNK]水之戰
1298,宋端宗
1299,弗列德利克·居維葉
1300,英國下議院
1301,80%
1302,路易十四
1303,2011年
1304,民國23年
1305,以收買人心
1306,[CLS]
1307,洛杉磯加利福尼亞大學
1308,恆星光譜
1309,德效[UNK]
1310,溫和氣候相當適合水稻生產
1311,漢中盆地
1312,安南計畫
1313,1930年
1314,上環
1315,客家語
1316,色雷斯人
1317,源平合戰
1318,因患上喉癌
1319,1991年
1320,陳春梅
1321,秋季學期
1322,三十年
1323,共和黨
1324,譚詠麟
1325,1990年
1326,釣魚臺主權的爭議
1327,茂宜島
1328,金大中
1329,為了從整體上推動社會主義精神文明建設的進程
1330,[CLS]
1331,獨裁政體中司法權和立法權受行政權的控制，而民主政體中司法權和立法權獨立的分權制
1332,每當漲潮的時候，海水會淹沒塘后道沙灘
1333,476年
1334,將來與台灣武裝衝突時美國介入
1335,王莽
1336,金泳三
1337,第1位
1338,15世紀
1339,針對特別一個文化來進行的學術研究
1340,聲音在介質中傳播時遇到的阻力
1341,人文學科
1342,林彪
1343,越南
1344,混凝土結構
1345,完成南北候車室的合龍並進入內部裝修的階段
1346,城市的發展加上持續的移山填海
1347,四十萬
1348,西里爾字母
1349,1963年
1350,猶大書
1351,日治時期
1352,合成生物學
1353,央視網標誌
1354,新華門
1355,波斯灣東南岸
1356,帕吉勒提河
1357,恆星光譜
1358,1987年
1359,民國四公子
1360,中央政治局常委
1361,1984年
1362,松花江
1363,德郵
1364,匹茲堡
1365,1949年
1366,三個橘色圓圈
1367,漢諾瓦96足球俱樂部
1368,儒略二世
1369,13億美元
1370,皇帝瓦倫斯之死
1371,撒爾塔-卡爾梅克人
1372,阿夷里
1373,以增強農民對政府的向心力
1374,毛澤東
1375,丹麥人
1376,東西交通十分便利
1377,非營利組織
1378,葡萄牙人
1379,他不想出名
1380,西方頹廢的象徵
1381,1980年
1382,1961年8月12日晚上開始至13日
1383,金[UNK]
1384,法國
1385,15歲
1386,購買物資
1387,《[UNK]早餐》
1388,互相制衡作用
1389,共和末期
1390,混凝土壩
1391,伊斯蘭教原初教義
1392,1902年6月17日
1393,單幹風
1394,威力低
1395,[CLS]
1396,1958年
1397,反間計
1398,高爆反坦克彈
1399,烏特勒支碉堡
1400,劉銘傳
1401,物理學
1402,1914年
1403,崇漢派
1404,1998年
1405,中華民國刑法
1406,宋朝
1407,蘇聯式
1408,1976年
1409,山地
1410,成吉思汗
1411,巨大的社會壓力
1412,[CLS]
1413,晤士報》
1414,1973年
1415,火居道士
1416,《大公報》
1417,消費者維權意識的興起
1418,大規模、永久性防禦設施
1419,平息遊行
1420,升格為省轄市後，一至八屆市長皆由女性擔任
1421,婆羅門教
1422,1988年
1423,日內瓦會議
1424,加拿大
1425,公共汽車和計程車
1426,19世紀
1427,臺北市公車聯營管理中心
1428,中子星
1429,東漢時期
1430,金剛計劃
1431,1950年代
1432,未來9日
1433,獎座
1434,巴丹島
1435,54種
1436,白[UNK]紀中期
1437,2010年
1438,支持反唐
1439,急速銳減
1440,8.90%
1441,阿希伯納姆
1442,電晶體
1443,中華人民共和國
1444,季米特洛夫
1445,統一資源標識符
1446,1793年
1447,檀道濟
1448,宗法制
1449,楊善德
1450,歐洲共同體
1451,世界大戰
1452,[CLS]
1453,[CLS]
1454,冷戰期間
1455,中國共產黨
1456,1713年
1457,如尼字母
1458,美國
1459,1976年
1460,加拿大中文電台
1461,隋文帝
1462,中國鐵道部
1463,土家族
1464,所有有意義的文化產物
1465,神聖羅馬帝國
1466,司馬懿
1467,黑龍江
1468,中國大陸
1469,1984年
1470,網
1471,下旋球
1472,渤海國
1473,課程目標透過小組討論，培養現代社會的未來全球領導人
1474,1979年
1475,三星重工
1476,具有很大的黏性
1477,唐太宗李世民
1478,南魯黨爭
1479,愛德華一世
1480,硬地
1481,《泰晤士報》
1482,西元1872年
1483,歐足總
1484,394年
1485,1926年
1486,天津馬廠
1487,尼祿
1488,[CLS]
1489,力主抗戰
1490,韓國燒酒
1491,[CLS]
1492,人類始祖
1493,基因靶向
1494,臺北國際金融中心
1495,太平洋戰爭
1496,英國
1497,非營利組織
1498,清末民初
1499,貝爾實驗室
1500,歐洲文藝復興
1501,七倍
1502,加入了北美區號方案
1503,新柏拉圖主義
1504,六千年
1505,供養軍隊監督造幣
1506,景宗
1507,阿爾卑斯山脈
1508,重慶
1509,心理危機干預熱線
1510,絲綢
1511,2005年
1512,1996年
1513,「安保鬥爭」
1514,荷蘭
1515,1958年
1516,[CLS]
1517,喀爾喀四部
1518,《蜀道難》
1519,5000000美元
1520,三個月
1521,瀛台
1522,躁鬱症
1523,楊貴妃
1524,住宅區
1525,君士坦丁堡的城防體系
1526,1929年
1527,塞北遊牧部落聯盟
1528,德國
1529,李景隆
1530,以免令天文台電話線路繁忙
1531,[CLS]
1532,1955年
1533,民族主義
1534,《胭脂扣》
1535,朱棣得到了很多來自宦官的幫助
1536,6世紀
1537,用右手拿瓶，左手要扶著右手
1538,二十世紀
1539,西班牙
1540,68億
1541,[CLS]
1542,嘻哈
1543,國歌詞譜初選委員會
1544,古羅馬第一軍團失蹤之謎
1545,盧循之亂
1546,單身收養制度
1547,周恩來
1548,[CLS]
1549,鋰元素
1550,康士坦丁堡
1551,保加爾市
1552,幼年
1553,1980年
1554,為受到迫害的法國傳教士作出報復
1555,張靜江
1556,社群技術預覽版
1557,2歲
1558,商業小說
1559,彰化縣
1560,首款
1561,2005年
1562,台安縣桑林
1563,米的種類也相當多種，而且不限於地區販售
1564,「社會主義現實主義」
1565,凡爾賽條約
1566,喬治·麥肯
1567,防洪
1568,1947年
1569,巴林坦海峽
1570,沃爾特·蒙代爾
1571,趙貴誠
1572,鐵路
1573,1950年
1574,樂山大佛
1575,攝氏7000度
1576,蓋吳起事
1577,1820年
1578,《中國河湖大典》
1579,福建籍
1580,科學革命
1581,德國
1582,媒體的輿論
1583,金大中
1584,國軍
1585,基督教
1586,威廉親王
1587,軍鎮
1588,2006年
1589,理藩院
1590,盧溝橋事變
1591,郭子儀
1592,新政聯盟
1593,韓愈
1594,平安
1595,共和國元首
1596,瘦果
1597,假裝招呼援兵
1598,潮州市體委
1599,小水點
1600,北海
1601,後漢書
1602,核化學
1603,安海成功小學
1604,高句麗
1605,要求日本政府制定「阿伊努新法」以取代現行的「北海道舊土人保護法」
1606,公元前一世紀
1607,行軍元帥府
1608,陶淵明
1609,茲沃雷金
1610,海外貿易
1611,君士坦丁七世
1612,1990年代
1613,現代科學之父
1614,2010年
1615,[CLS]
1616,黑死病
1617,1947年
1618,汪精衛
1619,30隻
1620,巴尼亞盧安達人
1621,大量廣州人因太平天國戰亂湧入九龍，而來港的人口又以男性比率較多
1622,禹縣
1623,聽覺神經上的神經衝動
1624,腎病
1625,氣溫變化非常大
1626,韓國
1627,張汝梅
1628,《沃爾松格傳說》
1629,波赫政府
1630,明太祖朱元璋
1631,1907年
1632,白羊座
1633,陝甘寧蘇維埃政府
1634,穆斯林世界
1635,美國聲望甚高
1636,白澳政策
1637,陳玉昶
1638,周鍾瑄
1639,道家
1640,德國
1641,福余衛
1642,92
1643,卡達杜哈
1644,卡爾·林奈
1645,1963年
1646,愛德華三世
1647,元仁宗
1648,察合台汗國
1649,1684年
1650,稻米
1651,2007年
1652,16世紀
1653,1983年
1654,汗位沒有經過庫力台大會的認可
1655,普魯士
1656,方便各國動物學者而作為參考版本使用
1657,腹背受敵
1658,優九聯盟
1659,薔薇戰爭
1660,蕭道成
1661,將組織混亂的軍隊的指揮權掌握在自己手中
1662,班超
1663,狄拉克
1664,第六條
1665,東山手
1666,法蘭西王國
1667,5月
1668,喀喇汗國
1669,攻擊亞里士多德地心說，辯護哥白尼理論的形象
1670,首席大法官
1671,長泰
1672,1986年
1673,本森河·斯奈德
1674,板橋車站
1675,1970年代
1676,北回歸線
1677,咀香園
1678,正一派
1679,宋孝宗淳熙十六年
1680,德意志民主共和國
1681,高爾
1682,他人的選擇
1683,統一博物館
1684,凝血因子
1685,美國在台協會
1686,1978年
1687,9月
1688,2000萬
1689,汪洋
1690,賓勞·安貝卡
1691,[CLS]
1692,《選舉權法案》
1693,深水涉汝州街
1694,法西斯獨裁政權
1695,二次大戰
1696,利物浦市
1697,加布里埃爾·華倫海特
1698,航空運輸
1699,無頭化變體
1700,土瓜灣道
1701,聲音強度分析
1702,2002年
1703,張之洞
1704,[CLS]
1705,1897年
1706,2公里
1707,《建築十書》
1708,1309年
1709,1993年
1710,馬斯湖節
1711,魯本斯
1712,高句麗僧人信誠
1713,滇緬公路
1714,1868年
1715,電影院
1716,壓迫到當地洪雅族原住民的生存空間
1717,1991年
1718,導賞團
1719,大自然
1720,1984年
1721,2001年
1722,四年
1723,缺乏良好環境計畫
1724,山茶花
1725,茂宜島
1726,受到鄰近其他星系影響
1727,史都華
1728,塞爾維亞族
1729,孫無終
1730,「全道阿伊努人大會」
1731,1949年
1732,高爾街
1733,戰國時期
1734,公式化
1735,1897年
1736,生態系的工程師
1737,南亞熱帶
1738,法國
1739,81人
1740,毛利文
1741,鄭芝莞
1742,荃灣新市鎮
1743,[CLS]
1744,海牙公約
1745,梅艷芳
1746,聯邦憲法
1747,1854年
1748,1217年
1749,由不毛之地轉變為貨櫃碼頭
1750,福音派
1751,浙江
1752,龍雲
1753,溫尼伯湖
1754,國家安全會議
1755,財經
1756,西班牙語
1757,獅子國
1758,政治運勢
1759,20世紀
1760,二十八宿
1761,1870年
1762,描繪眾多恆星的溫度相對於亮度
1763,武力征服
1764,色情行業
1765,百夫長
1766,文森佐·麥克萊恩
1767,明朝
1768,何克抗
1769,[CLS]
1770,英國
1771,重要的軍港
1772,幫助解開行星形成前的太陽系的謎
1773,第二次世界大戰
1774,11世紀
1775,清朝時期
1776,匈牙利社會主義工人黨
1777,1940年
1778,古典阿拉伯語
1779,[CLS]
1780,密西西比河流域
1781,腓特烈二世
1782,2005年
1783,奧地利
1784,顧命八大臣
1785,三分之二
1786,米倉山西麓
1787,約翰·庫達爾
1788,毛澤東
1789,長江流域
1790,倪匡
1791,1945年
1792,1251年
1793,燈塔牌手電筒
1794,詹姆斯·赫頓
1795,榮毅仁
1796,周西成
1797,1907年
1798,王猛
1799,平原地形
1800,2011年
1801,舊溫布利球場
1802,定量模型
1803,1977年
1804,湯瑪斯杜威
1805,《蘇日中立條約》
1806,屋大維
1807,新北市
1808,劉休範
1809,霍亨施陶芬王朝
1810,葡萄牙人
1811,1864年
1812,小聖堂
1813,2013年
1814,非常接近民居
1815,喀羅尼亞
1816,化合態
1817,瑞士
1818,伊藤博文
1819,四座
1820,階梯形態
1821,1966年
1822,2.1%
1823,1961年
1824,現實主義
1825,沙文主義
1826,地層下陷
1827,溫度
1828,日本文化
1829,廢奴民主黨
1830,為阻止其母覃美金胡亂花費
1831,彩電中心
1832,美軍戰機
1833,特種部隊
1834,加拿大
1835,17歲
1836,2015年
1837,中華人民共和國
1838,塔吉克議會表決通過
1839,馬來亞高等法庭
1840,3月16日
1841,北宋
1842,王怡
1843,高斯光束傳播理論
1844,瑞士近衛隊
1845,被動的
1846,理性自殺
1847,阿瓦爾人
1848,正室
1849,演化心理學
1850,四百萬兩
1851,逃避敵害
1852,普萊斯
1853,關內
1854,紐澤西美洲人
1855,56式自動步槍
1856,民國七十九年
1857,2002年
1858,甲午戰爭
1859,蘇聯政府
1860,[CLS]
1861,朱熹
1862,1961年
1863,趙蕤
1864,威屯卡隕石坑
1865,[CLS]
1866,1961年
1867,2009年初
1868,噪音
1869,自殘
1870,歐洲
1871,凡爾賽鎮
1872,韋伯斯特公司
1873,劉德華
1874,2007年10月1日
1875,亞塞拜然人
1876,義大利
1877,崇禎十七年
1878,非裔美國人
1879,韓國
1880,金屬結構
1881,[CLS]
1882,挪威國會大廈
1883,35度
1884,中山縣城
1885,1917年
1886,劉少奇
1887,[CLS]
1888,后沃村
1889,44年
1890,生態問題
1891,來管理勒布朗制鹼法生產碳酸鈉時排放的有毒空氣污染物
1892,[CLS]
1893,邦聯不是合法政府
1894,1930年為止這個亞目
1895,傍晚時份
1896,95%以上
1897,7天
1898,周禮·考工記
1899,政廳長潘錫元
1900,先印後膠
1901,1858年
1902,毛澤東
1903,特瓦族
1904,《法蘭克福條約》
1905,田傳十郎
1906,十月廿一
1907,卡內基梅隆大學
1908,威尼斯人
1909,1930年
1910,威廉·瓊斯
1911,陳誠
1912,布拉格之春
1913,中國南方
1914,川鹽銀行
1915,封建政治體制
1916,美國空軍
1917,投降派
1918,政客
1919,明鄭時期
1920,中央委員會
1921,《歡樂今宵》
1922,蘇聯
1923,興凱湖
1924,加泰羅尼亞人
1925,七星石
1926,萊納斯·鮑林
1927,擁有龐大的海外殖民地
1928,溫帶季風氣候
1929,田中角榮
1930,渡江戰役
1931,媧娘娘
1932,招募而來的部隊戰力極差
1933,狄奧多西二世
1934,華東建築設計院
1935,麻州
1936,[CLS]
1937,撤離中國大陸之故
1938,汐止區
1939,經濟力
1940,5583064名
1941,1971年
1942,中山
1943,先送到美國本土
1944,1451年
1945,為紀念孫中山
1946,全國第6
1947,李提摩太向變法派領袖康有為
1948,藝術方面
1949,太空遊客
1950,1/3
1951,955年
1952,1945年
1953,不滿元世祖行漢法的舉動
1954,聯邦制
1955,新政聯盟
1956,靜脈
1957,四年之久
1958,纖維性抽搐
1959,2000起
1960,國家郵政局
1961,薩曼王朝
1962,中國共產黨
1963,以使德州南軍陷入困境
1964,貝爾格勒
1965,內[UNK]
1966,北海艦隊
1967,英國
1968,奧地利維也納
1969,黃埔軍校
1970,北賽普勒斯
1971,《群己權界論》
1972,蒙古境內戈壁沙漠
1973,民主共和國憲法》
1974,同源基因
1975,45周歲
1976,美男子腓力
1977,孫登
1978,揭發洛克希德事件，田中涉及貪污醜聞
1979,俄羅斯聯邦
1980,農村
1981,後醍醐天皇
1982,籃球運動
1983,月北平甚寒冷
1984,美國憲法
1985,1960年代
1986,慕容德
1987,江南
1988,1945年
1989,天樂里
1990,劉少奇
1991,民間口頭傳說
1992,2002年
1993,私自招誘
1994,兵工廠
1995,唐玄宗
1996,博覽館站
1997,奧斯曼伊斯蘭政權
1998,民主化與經濟發展存有正相關關係
1999,活珊瑚群體
2000,庚申年
2001,美國人
2002,路易十四
2003,國王
2004,1598年
2005,電磁波原理
2006,語言相約
2007,隆納雷根
2008,1955年
2009,台灣海峽
2010,1820年
2011,明太祖
2012,58勝24負
2013,9世紀
2014,東三省
2015,本田[UNK]型機動腳踏車
2016,王天祥
2017,不能
2018,[CLS]
2019,經濟及能源部
2020,民國34年
2021,北宋
2022,100多個
2023,袁世凱
2024,分離主義
2025,梁啓超
2026,內蒙古
2027,後勤的問題
2028,[CLS]
2029,工商企業家
2030,元嘉之治
2031,神話人物黃帝
2032,國民政府第十九次國務會議
2033,日耳曼人
2034,飛彈實驗靶場
2035,1960年
2036,未宣而戰
2037,1609年
2038,裴松之
2039,公屋區
2040,1403年
2041,伊不拉音·本·阿赫邁德
2042,[CLS]
2043,南海
2044,自殺預防
2045,晉懷帝
2046,蘇聯
2047,威悉河
2048,國際城市博覽會盃
2049,盧漢
2050,2006年
2051,遭荷蘭大員長官揆一拒絕其投降要求
2052,西德尼·斯科爾斯基
2053,1988年
2054,[CLS]
2055,弊端事件
2056,[CLS]
2057,韓國經濟和社會的發展
2058,2006年
2059,自然災害
2060,萊比錫大學
2061,市郊黃厝村塔頭社
2062,一個月
2063,爪夷文
2064,1969年1月31日
2065,元嘉二十七年
2066,崔瑩
2067,三個月
2068,法拉第定律
2069,亞利安五號運載火箭
2070,行尚書省
2071,被元廷大臣彈劾
2072,1926年
2073,溫尼伯
2074,糧食禁運
2075,民國27年
2076,李登輝
2077,1930年
2078,濟州島
2079,1869年
2080,毛澤東
2081,健康問題
2082,正德十六年
2083,安息帝國
2084,1790年
2085,詹姆士•赫頓
2086,民國16年
2087,[CLS]
2088,加強皇權為核心的政治改革
2089,世兵制
2090,韓國
2091,郭德綱
2092,米哈伊爾·普羅霍羅夫
2093,1比3
2094,近衛文博
2095,督辦北洋陸軍學務
2096,與不是自己小教區的牧師打鬥
2097,質量等級
2098,袁粲
2099,傑克·斯特勞
2100,伊莉莎白二世
2101,十一行中書省
2102,基因轉殖小鼠
2103,1億7千5百萬美元
2104,[CLS]
2105,澎湖
2106,仁宗
2107,92％
2108,中西區
2109,比佛利山莊
2110,韋弗爾
2111,木衞三
2112,王謐
2113,超臨界二氧化碳流體
2114,解決二戰後以來一直存在的領土糾紛
2115,伽利略
2116,尤金麥卡錫
2117,胡宗南
2118,1899年
2119,多倫多藍鳥棒球隊
2120,聯邦物業的所有權
2121,1972年
2122,拓樸學
2123,氣態星雲重力坍縮
2124,奈及利亞
2125,五大意象
2126,毛澤東
2127,645年
2128,《馬關條約》
2129,「歐洲國家盃」
2130,3000人
2131,冉閔
2132,美國長[UNK]米
2133,華族令
2134,2.51億年前至6600萬年前
2135,福勒
2136,西漢武帝
2137,劉銘傳
2138,唐樓區
2139,1964年
2140,國民黨
2141,俾斯麥
2142,一個
2143,貨幣經濟
2144,羌族
2145,外藩
2146,2014年
2147,領海以外並鄰接領海的一個區域
2148,德國統一社會黨
2149,冰河時期
2150,選擇的自由
2151,布爾什維克民兵
2152,16世紀中葉
2153,1858年
2154,以裝飾為主，而不是根據宗教習俗來建造
2155,沃爾夫岡·苛勒
2156,150萬美元
2157,庾澄慶
2158,比例代表制
2159,1972年
2160,張鳴鳳
2161,聯合航空
2162,北美洲
2163,尼泊爾共產黨
2164,民國38年
2165,《崇拜聖書》
2166,2014年
2167,其中含有[UNK]
2168,追尋無與倫比
2169,殼
2170,金大中
2171,屋大維
2172,2012年11月15日
2173,集中行使軍事、行政權力
2174,316年
2175,色目人擅長理財
2176,君士坦丁大帝
2177,中國史學界
2178,柏林圍牆
2179,1966年
2180,薩洛尼卡拉丁王國
2181,國家政權的工具
2182,奧克拉荷馬州
2183,[CLS]
2184,中山市政府近年來對一批物流項目給予貸款貼息政策
2185,義大利
2186,瞄準困難
2187,5000倍
2188,美利堅聯盟國
2189,1912年
2190,亨利·迪克特·懷特
2191,[CLS]
2192,複製和幹細胞技術
2193,1月14日
2194,在未經巴黎批准的情況下，派出海軍武裝介入當地事務卻遭到了失敗
2195,1903年
2196,1995年
2197,蔣中正
2198,英國
2199,1959年
2200,單一循環
2201,田納西州
2202,年輕一輩又害怕被人聽到自己說上海話會被認為大陸人
2203,1976年
2204,11000公里/小時
2205,薩沃亞王家畫廊
2206,曲藝形式小品
2207,何塞·加布里埃爾
2208,4周
2209,《馬可波羅遊記》
2210,中國網通集團
2211,經濟部
2212,超過10公里
2213,1493年
2214,北周
2215,洋務運動
2216,日治時期
2217,孟加拉國
2218,以為高句麗滅亡了
2219,鮑德溫二世
2220,地區性國際政治組織
2221,不斷成長的大量讀者群
2222,1988年
2223,1920年
2224,[CLS]
2225,比爾蓋茨
2226,廣鐵
2227,淵蓋蘇文
2228,激進黨
2229,美國各地與關島之間的郵寄往來被視作國內業務
2230,10%
2231,地球生命可被視為單個超級有機體
2232,29億美元
2233,石油出口
2234,郭德綱
2235,吳曉邦
2236,南半區
2237,以獲得其精銳部隊
2238,熱力學
2239,重量會比較重
2240,1921年
2241,《兩種新科學》
2242,楊浦區
2243,《科幻世界》
2244,民國19年
2245,連江縣政府
2246,河南
2247,1980年代
2248,《南華早報》和星期日出版的《星期日南華早報》
2249,試圖恢復古老的鄉村傳統
2250,君主制
2251,查爾斯·惠斯通
2252,重慶兩江新區
2253,羅馬公民權
2254,沙祖康
2255,銀幣
2256,華爾特·科洛普頓·溫菲爾德
2257,拜占庭帝國
2258,公孫淵
2259,扶餘國
2260,[CLS]
2261,弗洛伊德理論
2262,橄欖油
2263,韓式筷子
2264,方濟各·沙勿略
2265,詹姆斯•布坎南
2266,高通公司
2267,中心有一個小的破火山口
2268,多倫多皮爾遜國際機場
2269,建造一個人工堤壩將東西兩湖完全分離
2270,漢語書面語
2271,隆納·雷根
2272,慢性藥物誤用
2273,三分之一至二分之一
2274,忘己之為大，無私之為公
2275,阿拉巴馬州
2276,中國共產黨
2277,瑞典
2278,杜聿明
2279,九龍寨城
2280,交通部觀光局
2281,近軸近似
2282,四分之三
2283,民國34年
2284,2月
2285,2008年
2286,滿洲國
2287,劉邦
2288,[CLS]
2289,合肥市
2290,藏傳佛教
2291,國際媒體中心
2292,林奈分類法
2293,世界盃足球賽
2294,《上流社會》
2295,柯本氣候分類法
2296,金大中
2297,台江內海
2298,英國
2299,巨大捕食壓力
2300,按鈕式市內長途直撥公用電話
2301,薩珊王朝
2302,1388年
2303,黑人
2304,火災
2305,孫中山
2306,爬行動物
2307,天主教
2308,台馬輪
2309,聖德太子
2310,德懷特艾森豪
2311,計劃經濟
2312,西敏制
2313,庫克船長
2314,兩岸分治
2315,1974年
2316,伏打電堆
2317,元憲宗九年
2318,韓式泡菜
2319,1995年
2320,臺灣本省人
2321,親中共政治色彩濃厚
2322,經濟海域
2323,山崩沉積作用
2324,湘王
2325,郡政府
2326,《東週刊》
2327,馬關條約
2328,波士頓塞爾提克
2329,雷姆·庫哈斯
2330,蘇維埃
2331,十一世紀
2332,1937年
2333,《軍力動員法》
2334,法律制裁
2335,不信任案
2336,清朝
2337,為了與他的女兒瑪麗住得近一點
2338,[CLS]
2339,貝都因人
2340,《湯姆叔叔的小屋》
2341,東方
2342,塞爾維亞克拉伊納共和國
2343,民宿
2344,關島
2345,吸菸
2346,2004年3月2日
2347,脊椎骨骨折
2348,為了擴充版圖
2349,空心樹
2350,赫哲族
2351,涂醒哲
2352,熱能
2353,衛所
2354,彌爾
2355,唐朝
2356,其空間構造甚具特色
2357,許世賢
2358,信息革命
2359,法爾納瓦茲一世
2360,民主聖地
2361,一年
2362,一連串的醜聞
2363,貴族政治
2364,吐谷渾
2365,由人民選舉
2366,半年
2367,[CLS]
2368,路易吉·伽伐尼
2369,理查·歐文
2370,顏延之
2371,23個
2372,2003年
2373,黃河鐵路公路大橋
2374,印度教祭司委員會
2375,草場
2376,布拉馬普特拉河
2377,卡蓋拉河
2378,拉素
2379,頓河畔羅斯托夫
2380,2個
2381,中環
2382,瀕危物種
2383,劉義宣
2384,一個月
2385,珊瑚環礁
2386,亞熱帶濕潤季風氣候
2387,喬治·恩特威斯爾
2388,20世紀90年代初
2389,[UNK]族
2390,中華民國國際經濟合作協會
2391,新北市
2392,山區
2393,甲級聯賽
2394,蕭樹滋
2395,1913年
2396,高句麗
2397,亞美尼亞人
2398,四個
2399,中國國民黨
2400,1月30日
2401,重慶
2402,忽必烈
2403,羅斯福
2404,宋朝
2405,1957年
2406,可充電儲能裝置輔助牽引系統
2407,1968年
2408,類比電路系統
2409,茂宜島
2410,重抑症
2411,極度恐懼
2412,瑞士
2413,藍水作戰能力
2414,南朗鎮翠亨村
2415,澱粉成份
2416,吳珈慶
2417,閩東人
2418,嘉南平原
2419,發信機
2420,1976年
2421,1911年
2422,橋頭堡
2423,1687年
2424,1997年
2425,軍事
2426,浦項鋼鐵
2427,安史之亂
2428,朝鮮王朝」
2429,路易十四
2430,[CLS]
2431,人工土木建築材料
2432,斯多噶學派
2433,恐怖襲擊事件
2434,1987年
2435,1977年
2436,1949年
2437,1971年4月
2438,58%
2439,1279年
2440,劉裕
2441,杭州
2442,普京
2443,道教
2444,19世紀
2445,經濟奇蹟
2446,納粹集中營
2447,希克蘇魯伯撞擊事件
2448,記載了第一位皈依伊斯蘭教的薩圖克·博格拉汗的史事
2449,100%
2450,第二次世界大戰
2451,東都明京
2452,民辦非企業
2453,芒芒-圖圖-麥伊特
2454,巢尚之
2455,為了穩固自己的地位
2456,九條道家
2457,元宵節
2458,寇謙之
2459,哈佛大學
2460,托馬斯阿奎納
2461,俄國
2462,天保奴
2463,重新整理了全國戶籍
2464,1920年
2465,第二次世界大戰
2466,日本
2467,馬賽曲
2468,1316年
2469,1974年
2470,神明鎮宅平安
2471,「廣州行營」
2472,啟示錄
2473,喬治亞
2474,1857年
2475,分析心理學
2476,讓北方各州成為新移民優先選擇的目的地
2477,1945年
2478,射血期
2479,北魏帝拓跋珪派兵幫助西燕
2480,義和拳
2481,[UNK]娛樂
2482,都
2483,倫敦奧運
2484,簡單
2485,1942年
2486,廣東籍
2487,1950年
2488,頓河
2489,山本五十六
2490,三國時期
2491,宗教寓意
2492,資訊及計算學院
2493,李烈鈞
2494,本篤十六世
2495,後期
2496,乾隆年間
2497,宗教人士
2498,馬克思主義學說
2499,18世紀
2500,畜牧業
2501,內閣制民主政體
2502,韓國
2503,房地產業
2504,1948年
2505,決心恢復皇室權威
2506,西班牙
2507,彌生式陶器
2508,朝鮮
2509,畫山水序
2510,考查不足
2511,燕京大學
2512,最安全
2513,卜尼法斯八世
2514,武昌起義勝利
2515,1932年
2516,直隸州
2517,1789年
2518,釜山
2519,6萬人
2520,德國
2521,國民議會
2522,開放式
2523,新城
2524,延平里
2525,法國向奧地利的同盟─大英帝國
2526,俚僚族群
2527,保定軍官學校
2528,油氣工業
2529,中央宿衛軍
2530,26日
2531,山地
2532,大村線
2533,威爾特郡
2534,儒家思想
2535,日產
2536,僑郡
2537,從漢地百姓簽發的新兵
2538,上蓋
2539,北魏藝術風格
2540,義大利共產黨
2541,奴隸貿易
2542,1540年
2543,美國工業工程師學會
2544,閃化蒸汽
2545,基因工程
2546,巴西爾二世
2547,儒家思想
2548,阿里不哥
2549,前經濟顧問委員會
2550,《南史》
2551,1992年
2552,足協盃
2553,恭親王
2554,1848年
2555,王思翔
2556,石水渠街
2557,李百智
2558,東宮傅育官
2559,臺灣農業
2560,科索沃地區
2561,公元前一萬年前
2562,前端
2563,南蠻
2564,1927年
2565,劉玉娘
2566,能源部
2567,韓國科學技術研究院
2568,阿拉巴馬州
2569,飛鳥時代
2570,新石器時代
2571,1950年代
2572,多級火箭
2573,14所
2574,磁學測溫法
2575,較平坦谷地
2576,迪迪多
2577,德意志國防軍
2578,劉準
2579,孝文帝太和十九年
2580,不確定性
2581,《涌幢小品·總督總兵》
2582,伊夫傑尼克里洛夫
2583,1943年
2584,高表仁
2585,1921年1月
2586,印度佛教文化
2587,無法
2588,冊文
2589,1949年第二次國共內戰失利後
2590,私立研究型
2591,胡圖族
2592,文藝復興時期
2593,1928年
2594,相撞造成的飛行安全事故
2595,2006年
2596,紐西蘭
2597,元璋
2598,偽科幻
2599,義大利
2600,秋季
2601,默啜可汗
2602,讓產量得到提高
2603,李成桂
2604,喜馬拉雅山
2605,促使北方各族接受漢文化，對於民族融合具有積極意義
2606,田納西州
2607,山地
2608,磁學測溫法
2609,考底利耶
2610,比喻苦難
2611,可遺傳材料
2612,航空運輸
2613,殖民主義時期
2614,亞歷山卓·伏打伯爵
2615,鼠疫
2616,島上風光
2617,快樂的科學
2618,合國教科文組織
2619,泛綠陣營
2620,耶穌
2621,移民
2622,約翰·洛克
2623,3年
2624,泰倫提烏斯
2625,1816年
2626,知道他的北極之旅很難募集資金
2627,菜豆
2628,明朝
2629,徵兵制
2630,1787年
2631,1930年
2632,大埔聚落
2633,匈牙利
2634,[CLS]
2635,1943年
2636,英國
2637,6月
2638,科學樂觀主義
2639,2005年
2640,現代主義運動
2641,[CLS]
2642,美國第七艦隊
2643,太監亦失哈
2644,[CLS]
2645,蔡[UNK]
2646,元宵節
2647,謝琰
2648,狄托
2649,《愛爾蘭王位法》
2650,計劃經濟
2651,聯合國
2652,徐氏
2653,抽籤
2654,17世紀
2655,庫克斯港
2656,最佳作品獎
2657,1769年
2658,《論磁石》
2659,萊比錫青年
2660,阻止東德居民逃往西柏林
2661,分配地方權力
2662,神經信號
2663,醫院的器官來源成為了嚴重的問題
2664,民間興建營運後轉移模式
2665,鄭成功
2666,貝他版本
2667,臺灣文化基金會
2668,現代網球
2669,6公里
2670,1936年11月2日
2671,公元372年
2672,季米特洛夫
2673,古羅馬
2674,2014年11月12日
2675,韓國
2676,《蘇絲黃的世界》
2677,普選權的保護者
2678,1921年
2679,新浪
2680,劉毅
2681,到達涅槃的境界
2682,1970年代
2683,中共中央軍委書記
2684,皆以同一面半球永遠對著木星公轉
2685,1945年日本無條件投降
2686,珠江
2687,南北朝時期
2688,[UNK]-61戰鬥機
2689,參宿四
2690,阿里烏教派
2691,高壓政策
2692,1999年
2693,2002年
2694,活產女嬰
2695,《凡爾賽條約》
2696,[CLS]
2697,俄羅斯
2698,1949年
2699,舊金山和約
2700,內蒙古
2701,「市」是商品交易的場所，最早沒有固定的位置，後常在居民點的井旁
2702,劍魚座·欸逼吸
2703,九龍城區
2704,帝國
2705,陝西省
2706,貝爾·柯林頓
2707,1892年
2708,婚禮產業
2709,米蘭
2710,湖北省
2711,維基媒體
2712,突厥人
2713,鳥撞問題
2714,為了徹底掃除北元勢力
2715,61勝21負
2716,韓國
2717,大氣層和月球之間的地區
2718,通信
2719,貝南
2720,1666年
2721,屋大維
2722,中環
2723,《1965年移民及國籍法案》
2724,《航路標誌法》
2725,1940年
2726,大英圖書館
2727,頭目
2728,謀士王猛
2729,都督府長官
2730,大寶令
2731,勝利
2732,一夫一妻制
2733,關島
2734,1406年
2735,1994年
2736,漢語
2737,隋內亂加劇
2738,英國
2739,魯濟濟河
2740,關島
2741,一九九一年
2742,德利斯勒
2743,閩南語
2744,實驗室化驗
2745,英國
2746,蟒蛇計劃
2747,台北港
2748,孤立
2749,1788年
2750,諸葛長民
2751,珍珠奶茶
2752,神話傳說
2753,畢堤·美
2754,1995年
2755,葛蘿莉亞·哈翠克
2756,藥物濫用
2757,雙方選手都得到了3分
2758,種群數量很少的時候
2759,中原解放區
2760,察哈爾民眾抗日同盟軍
2761,參宿四
2762,溫菲爾德·史考特
2763,多倫多
2764,鐵甲艦維吉尼亞號
2765,備取生
2766,中國移動有限公司
2767,1852年
2768,美國
2769,奧古斯都
2770,甲午戰爭
2771,突尼西亞
2772,西里爾字母
2773,法蘭克·蓋瑞
2774,軍事委員會
2775,心理異化
2776,周恩來
2777,2004年
2778,元朝
2779,[CLS]
2780,元朝
2781,凱原中心
2782,陶器的形式
2783,新教徒對聖經正典的質疑
2784,晉末宋初
2785,[CLS]
2786,[CLS]
2787,2000年6月
2788,堅固耐久
2789,空載雷達
2790,1988年
2791,大興區
2792,1952年
2793,《進步日報》
2794,德國
2795,2008年
2796,韋瀚委員會
2797,個人防衛武器
2798,戊戌變法
2799,藏傳佛教
2800,英國
2801,3公里
2802,夾桑之戰
2803,靜坐示威
2804,文世光
2805,13年零8個月
2806,47位
2807,發球上網
2808,德國
2809,伊拉克
2810,黃大仙祠
2811,季節性航班
2812,2006年
2813,山上王
2814,賓州大學
2815,1811年
2816,伏打電堆
2817,「河西文化」
2818,《生死諜變》
2819,稻米
2820,7095米
2821,政權由獨裁體制轉變成民主體制的過程
2822,一對生心板
2823,場外裁判
2824,中華民國
2825,中華民國
2826,荷蘭東印度公司
2827,電腦控制技術
2828,卡斯蒂利亞語
2829,1945年
2830,嘉靖九年
2831,陳思恭
2832,以編遣軍隊
2833,前三大
2834,1793年
2835,保羅羅斯
2836,君主立憲制
2837,香港運動
2838,鹽州港
2839,明臨答夫
2840,雲南行省
2841,20.606億港元
2842,平戶市
2843,9.5％
2844,1943年
2845,韓國國會
2846,社群主義
2847,廣州
2848,聯合會盃決賽
2849,16.7個地球日
2850,1998年
2851,1998年
2852,寧蠻校尉
2853,《電視法》
2854,60%
2855,脊椎動物
2856,2010年
2857,下薩克森邦
2858,祖籍
2859,帕斯夸爾·塞韋拉
2860,三郎
2861,228人死亡
2862,計裏劃方
2863,1934年
2864,臺東市
2865,美國地質調查局
2866,耶柔米
2867,使徒約翰
2868,日耳曼人
2869,一九點五公尺
2870,波蘭
2871,1264年
2872,1970年代
2873,馬關條約
2874,伊朗革命政府
2875,唐代
2876,修頓球場
2877,向忠發
2878,中國
2879,《里加條約》
2880,烏拉圭
2881,老人安養
2882,海拔350公里
2883,拿破崙
2884,白人男性
2885,波蘭
2886,369年
2887,2005年
2888,後勤補給的中斷
2889,民國時期
2890,甲午戰爭
2891,有鑑於柯林頓「拉鏈門」風波觸怒了不少黨內保守派人士
2892,康斯坦丁二世
2893,羅馬方體
2894,祺祥
2895,10萬人
2896,臺東縣
2897,屍體剖檢研究
2898,176800人
2899,製造箭頭
2900,《鐵達尼號》
2901,1991年
2902,二戰
2903,七十年代
2904,[CLS]
2905,張博雅
2906,《巴黎和約》
2907,省立第十一師範學校
2908,嘉陵道籍
2909,西夏
2910,史籍魏志倭人傳
2911,「[UNK]獎」
2912,1814年
2913,尼羅河
2914,1974年
2915,弗拉基米爾·佐利金
2916,地中海貧血症狀
2917,宜蘭外海發生多起地震
2918,幼發拉底河
2919,第二次世界大戰
2920,為了翻譯工作
2921,小涼山
2922,灣仔區
2923,凱爾特人
2924,多倫多藍鳥棒球隊
2925,保護載具內的人員不受敵火傷害
2926,修水縣
2927,燕州
2928,中晚明北疆的國界
2929,視網膜的中心是視神經延伸出眼球的位置
2930,800多年
2931,石油天然氣行業
2932,海洋音樂祭表演的除了許多知名搖滾樂團體與歌手外，也有不少地下音樂表演單位
2933,2006年
2934,四個
2935,之路上埋地雷
2936,散居西伯利亞
2937,肺炎
2938,拉普拉斯共振
2939,語言學
2940,大不列顛
2941,大嘆綠島之美
2942,7世紀
2943,1909年
2944,「黑廝
2945,利他性自殺
2946,西班牙
2947,使《南華早報》的報導風格可能將漸漸傾向大陸
2948,靜脈竇
2949,5
2950,在它們的成分中完全沒有比鋰更重的元素
2951,約翰南斯加納
2952,1992年5月
2953,印第安人遷移法案
2954,1999年
2955,視網膜的中心是視神經延伸出眼球的位置
2956,九十年代
2957,君主制
2958,中國民主建國會
2959,嘉義市政府並置市政會議
2960,副教務長
2961,中國大陸
2962,赫魯雪夫
2963,礦業學校
2964,第二波新政
2965,伽利略
2966,風流事
2967,下薩克森邦邦長
2968,[CLS]
2969,由於四周強敵漸漸威脅
2970,木材
2971,波昂
2972,學院邀請
2973,臺灣省
2974,一二八事變
2975,日本
2976,薩珊王朝
2977,1950年
2978,天體的至高至大
2979,中曾根康弘
2980,1930年代
2981,亨利·德勞內盃
2982,中國人民解放軍取得勝利
2983,粵語
2984,淡水河
2985,42種
2986,1939年
2987,[CLS]
2988,金國
2989,401號省道
2990,甘泉島
2991,由阿里不哥兵敗投降
2992,八里橋
2993,其他族裔
2994,中書監
2995,西藏
2996,納戈爾諾卡拉巴赫
2997,中秋
2998,於皇帝外另設大單于
2999,官田
3000,49.2%
3001,「梵蒂岡之囚」
3002,萊茵河航運中央委員會
3003,路易斯委員會
3004,何斌之
3005,普羅民遮城
3006,「抗日同志會」
3007,釣魚臺
3008,宋代末
3009,中華人民共和國
3010,荷蘭大員當局終於向國姓爺屈服
3011,15世紀後
3012,新羅
3013,聖喬治校區
3014,2009年
3015,後現代主義
3016,1960年代
3017,瓊·克勞馥
3018,由於戰爭對鋼鐵的需求量猛增
3019,中華民國
3020,介質的界面
3021,拿破崙
3022,1億7千5百萬美元
3023,迪扎克
3024,印度香米
3025,維基媒體
3026,都市化程度高
3027,《鐵路旅遊票價表》
3028,郭春秧
3029,2009年
3030,柏林
3031,西村真悟
3032,民法
3033,忽必烈
3034,罷課學潮
3035,前鋒群
3036,非洲
3037,英語
3038,水泥
3039,[CLS]
3040,《臺灣關係法》
3041,張永
3042,防止國家權力被濫用，尤其是被針對用於對反對派的誣告陷害
3043,2001年
3044,各國際單項運動總會
3045,1955年
3046,中國
3047,改變土地產權制度
3048,133公分
3049,市場經濟
3050,朱由榔
3051,約翰·約阿希姆·溫克爾曼
3052,動脈弓
3053,農業
3054,青龍教
3055,為父親報仇
3056,1716年
3057,臺灣醫界聯盟基金會
3058,珍寶島事件
3059,民國十九年
3060,224名
3061,解放戰爭
3062,李自成
3063,張季鸞
3064,18世紀
3065,20萬
3066,五年
3067,完顏宗弼
3068,1949年
3069,哭泣
3070,從學校開除
3071,巴伐利亞邦
3072,巴郡
3073,吉佳利
3074,江漢平原
3075,降雨空間和時間分布十分不均
3076,腳踏車
3077,溫帶大陸性濕潤氣候
3078,[CLS]
3079,塞拉俱樂部
3080,義寧縣
3081,北坡
3082,1933年
3083,紐約市消費者事務部
3084,南京
3085,孫文越飛聯合宣言
3086,兩個
3087,日耳曼人
3088,一年
3089,半西方式握拍
3090,宋神宗熙寧四年
3091,產業工程
3092,1812年
3093,山羊野生化後大量繁殖
3094,1868年
3095,1941年
3096,以便爭取汗位繼承權
3097,黃奇帆
3098,魯豫野戰軍
3099,[CLS]
3100,十字軍東征
3101,梅艷芳
3102,亞他納修
3103,大陸集團
3104,2010年
3105,版廣電總局
3106,腓力六世
3107,西安事變
3108,公元三世紀
3109,社會主義市場經濟體制
3110,顛地破產
3111,沙地
3112,木造洋館
3113,黑龍江省
3114,道功最高
3115,道破了他出生的秘密
3116,可以
3117,德克薩斯
3118,1973年
3119,功臣武將
3120,第二大
3121,美國卡內基高等教育基金會
3122,廣固
3123,地震
3124,海上交通安全管理
3125,畜牧業
3126,英國
3127,特性為功能的記載
3128,重慶兩江新區
3129,《阿[UNK]婆吠陀》
3130,法蘭西人
3131,中越西沙海戰
3132,失業率攀升
3133,文理學院
3134,大衛·勞合·喬治
3135,羅姆蘇丹國首都科尼亞
3136,1964年
3137,衝鋒槍
3138,主裁判
3139,連江縣
3140,東斯拉夫語支
3141,1651年
3142,密蘇里州
3143,第九年
3144,潮州人
3145,美式橄欖球
3146,抵抗破片、子彈、飛彈或砲彈的襲擊，保護載具內的人員不受敵火傷害
3147,1945年
3148,滇緬公路
3149,奴隸
3150,中宣部
3151,荷蘭
3152,空鐵聯運
3153,2000年
3154,亞特蘭大
3155,《三洞奉道科誡》
3156,盧泰愚
3157,旅遊業
3158,氐族
3159,龜茲
3160,人多地少
3161,農業生產
3162,文化大革命
3163,思茅專區
3164,國際航空聯合會
3165,約翰·赫歇爾
3166,1955年
3167,越客觀越好
3168,俄羅斯聯邦
3169,大城王國
3170,雲南
3171,蘇維埃俄國政府
3172,稻作農耕文明
3173,攻城臼炮
3174,愛德華三世
3175,中國大陸
3176,洛杉磯地區
3177,12月9日
3178,繁殖
3179,橫條護甲
3180,如若效忠國王，南斯拉夫會變成君主制國家
3181,喜貝塚
3182,北角
3183,1895年
3184,《候鳥》
3185,安豐塘壩
3186,大稻埕
3187,1939年
3188,下薩克森邦邦長
3189,伊斯蘭共和國
3190,河北
3191,網球比賽
3192,昆河鐵路
3193,古柯鹼
3194,中亞熱帶濕潤氣候
3195,英國保守黨
3196,宋仁宗
3197,施加心理折磨很難取證
3198,松屬植物
3199,古雅典時期
3200,沙俄
3201,錢泰
3202,由國家軍隊軍官所拱出
3203,英國
3204,芝加哥公牛
3205,四星上將
3206,根據分子運動論研究靜止液體中懸浮微粒的運動
3207,2017年
3208,保守派
3209,1975年
3210,鐵木真
3211,一場大病
3212,工業工程
3213,馬其頓共和國
3214,國際奧委會第48屆年會
3215,心房
3216,加速犯人的死亡
3217,1261年
3218,第一類
3219,1993年12月
3220,二十世紀
3221,中央視網膜
3222,[CLS]
3223,2014年
3224,支持日本關于歸還領土的要求是中國的一貫政策
3225,元朝
3226,臺灣路竹會
3227,《華爾街日報》
3228,[UNK]口
3229,生產關係
3230,高原
3231,夏天
3232,馮桂芬
3233,第二次進口替代
3234,大理石
3235,朱允[UNK]
3236,朱爾·雷邦德
3237,1917年
3238,資訊學院
3239,有期監禁
3240,胡錦濤
3241,巴拉克·歐巴馬
3242,美國
3243,徐蚌
3244,明尼亞波利斯湖人
3245,教育研究院
3246,俄美公司
3247,梅艷芳
3248,3000人
3249,西行印度求法而歸的第一人
3250,解體後
3251,亞當斯密
3252,芬蘭
3253,芬蘭
3254,為避免購票人群與進出站人群的對沖
3255,聽覺器官
3256,重慶併入四川省成為省轄市
3257,1960年
3258,經濟拮据
3259,漢奸傀儡政權
3260,民辦非企業單位登記暫行辦法
3261,泉州
3262,1993年
3263,物理學
3264,錢謙益
3265,高亭
3266,三千
3267,[CLS]
3268,英國
3269,顏體
3270,1260年
3271,遒勁豪放
3272,李清
3273,阿斯頓公園球場
3274,表觀遺傳學
3275,潮州
3276,770年
3277,廢奴令
3278,重熙增幣
3279,大廈大學
3280,印刷術
3281,重慶
3282,西班牙
3283,[CLS]
3284,威廉·李斯-摩格
3285,[UNK]-16戰鬥機
3286,光緒31年
3287,都市計畫
3288,多元文化主義
3289,[UNK]字部
3290,球手做出用球拍擊球的動作但並未擊打到球
3291,吉爾柏特
3292,漢朝
3293,薛安都
3294,臺澎金馬個別關稅領域
3295,聖母院博物館
3296,菅義偉
3297,為了更有效率地處理國務
3298,希臘族政權
3299,1處
3300,凱爾特人
3301,捷運環狀線
3302,狄托雪巴西茲協定
3303,闢為公園，正式對民眾開放
3304,麥角胺
3305,烏山頭水庫
3306,教會
3307,香港站
3308,58個
3309,魚雷機
3310,鄧小平
3311,1875年
3312,1947年
3313,1960年代
3314,十月廿四
3315,范孫獎學金
3316,中國殘疾人福利基金會
3317,1944年
3318,北宋
3319,柯慶施
3320,李克東
3321,第四
3322,孟子
3323,日本社會黨
3324,類造父變星
3325,募兵制
3326,7月
3327,1968年
3328,將軍
3329,吉斯卡爾
3330,國立武昌高等師範學校
3331,1934年
3332,1608年
3333,納比勒·阿拉比
3334,思考產品外觀的改進
3335,復興島
3336,天主教
3337,海軍船塢
3338,142個
3339,加拿大
3340,維持治安
3341,四川
3342,南京
3343,1923年
3344,文化大革命
3345,東芝
3346,草食性
3347,220公里
3348,葡萄牙
3349,清廷對臺灣住民的高壓政策
3350,隋
3351,22名
3352,盤[UNK]蠻
3353,劉道玉
3354,法國
3355,西羅馬帝國
3356,突厥語
3357,南卡羅萊那州
3358,嘉義市
3359,120餘公里
3360,楊虎城
3361,2003年
3362,《兩種新科學》
3363,遼朝
3364,敦煌市
3365,艾薩克·阿西莫夫
3366,後金政權
3367,[CLS]
3368,2014年
3369,臺灣廟宇香火鼎盛
3370,羅馬式
3371,少女模特兒
3372,哈杜安·孟薩爾
3373,上海學府中央區
3374,蒙哥馬里
3375,安徽省
3376,香港仔
3377,723公里
3378,網球比賽
3379,高句麗
3380,澳門
3381,60歲
3382,《法薩利亞》
3383,六何法
3384,葡萄牙語
3385,艾史密斯
3386,「發現了在原子理論裡很有用的新形式」
3387,格雷戈里·福斯特
3388,民國16年
3389,工學院
3390,從伴星吸積氫
3391,溫度
3392,路易十四
3393,維吉尼亞州
3394,可以
3395,由全國人民代表大會進行補選
3396,1999年
3397,2007年度諾貝爾和平獎
3398,精英政治制度
3399,東魏
3400,1980年
3401,職業網球
3402,校園核能研究反應爐
3403,北角
3404,山地
3405,65萬人
3406,翁牛特
3407,肝臟
3408,澎湖
3409,聯合國
3410,舊石器時代
3411,腓特烈·威廉四世
3412,1996年12月
3413,朱棣
3414,拓跋
3415,托博爾斯克石化公司
3416,《古蘭經》
3417,沙勿略
3418,威爾遜
3419,嘉定十四年
3420,高雄市
3421,索馬利亞
3422,裡海
3423,間隙式裝甲
3424,巨大白兔
3425,2001年
3426,法國
3427,朝陽市
3428,臺灣
3429,企業所得稅法》第七條
3430,九州旅客鐵道
3431,劉裕
3432,軍家話
3433,5月
3434,為孝敬其父母
3435,羅斯蘭公墓
3436,《比較列傳》
3437,新北市政府文化局
3438,河姆渡
3439,半秘密社團
3440,波蘭
3441,拉丁美洲
3442,魏國
3443,3000[UNK]顆
3444,元豐六年
3445,城市規劃
3446,路易十四
3447,實用主義
3448,喜馬拉雅山脈
3449,畜牧業
3450,機構
3451,恆星光譜
3452,耶柔米
3453,一個音樂家
3454,正式承認放棄瓦罕帕米爾
3455,聯邦直轄區
3456,一體成型
3457,黃道婆
3458,民國七十一年
3459,重陽節
3460,舊石器時代
3461,約魯巴
3462,會員大會
3463,神聖羅馬帝國
3464,四十九旗
3465,油槽
3466,慕尼黑
3467,2000年
3468,方便民眾騎乘時使用
3469,狹窄的谷地
3470,蘇聯
3471,劉穆之
3472,羅馬方體
3473,七十年代
3474,1971年
3475,1850年
3476,沂王趙[UNK]
3477,和我們想得一樣
3478,512[UNK]
3479,[CLS]
3480,特洛伊家族
3481,索馬利亞
3482,博尼圖
3483,國務院
3484,公元900年
3485,四十三年
3486,149年
3487,卒本
3488,日本
3489,希臘阿索斯山
3490,1922年
3491,中華民國國語
3492,人民日報
3493,新城區
3494,拱型
3495,玄學
3496,[CLS]
3497,[CLS]
3498,好萊塢
3499,1717年
3500,季軍
3501,莫爾電子工程學院
3502,福王
3503,盧永祥
3504,反法西斯防衛牆
3505,距離比較遠
3506,鹽稅
3507,呼籲社會變革
3508,白犬列島
3509,華族令
3510,1944年
3511,2790060
3512,八萬
3513,5里
3514,韓國
3515,個人電腦供應商
3516,宋公
3517,賓夕法尼亞州
3518,賓夕法尼亞州
3519,壇面排水
3520,不丹
3521,50年
3522,甬舟高速公路
3523,[CLS]
